INSERT INTO db_Assignment.branch
VALUES (0, 'Ho Chi Minh', '123 ly thuong kiet', '0120455689', '123@gmail.com'),
	(0, 'Binh Duong', '123 to hien thanh', '0123555689', '123@gmail.com'),
       (0, 'Binh Thuan', '123 3/2', '0123455689', '123@gmail.com'),
       (0, 'Binh Phuoc', '59 nguyen trai', '0123655689', '123@gmail.com');

INSERT INTO db_Assignment.BRANCH_PHOTO
VALUES (1, 'https://statics.vinpearl.com/Tong%20quan_1647360666_1647850027.png'),
	   (2, 'https://statics.vinpearl.com/Hinh-anh-Vinpearl-Discovery-Golflink-Nha-Trang-Villa-51_1639500422.jpg'),
       (3, 'https://go2joy.s3.ap-southeast-1.amazonaws.com/blog/wp-content/uploads/2022/04/05104501/vinpearl-land-nha-trang-o-dau.jpg'),
       (4, 'https://tanthoidai.com.vn/images/gallery/images/22(2).jpg');

INSERT INTO DB_Assignment.zone
VALUES (1, 'san vuon'),
       (2, 'bien'),
       (3, 'vip'),
       (4, 'biet thu');

INSERT INTO DB_Assignment.room_type
VALUES (1, '2 giuong', 1.2, 3, '...'),
       (2, '1 giuong', 1.5, 2, '...'),
       (3, '2 giuong', 2, 6, '...'),
       (4, '2 giuong', 3, 5, '...');

INSERT INTO DB_Assignment.bed
VALUES (1, 1.5, 3),
       (2, 1.2, 2),
       (3, 2.0, 4),
       (4, 2.5, 5);

INSERT INTO DB_Assignment.BRANCH_HAVE_ROOMTYPE
VALUES (2, 1, 200),
       (1, 1, 100),
       (3, 2, 400),
       (4, 3, 700);

INSERT INTO DB_Assignment.room
VALUES ('101', 1, 1, 'san vuon'),
       ('102', 2, 2, 'bien'),
       ('103', 3, 3, 'vip'),
       ('104', 4, 4, 'biet thu');

INSERT INTO DB_Assignment.SUPPLY_TYPE
VALUES ('VT2329', 'goi'),
       ('VT2328', 'goi'),
       ('VT2327', 'goi'),
       ('VT2326', 'goi');

INSERT INTO DB_Assignment.SUPPLY_IN_ROOM
VALUES ('VT2329', 1, 1),
       ('VT2328', 2, 2),
       ('VT2327', 3, 3),
       ('VT2326', 4, 4);

INSERT INTO DB_Assignment.SUPPLY
VALUES (1, 'VT2329', 2, 2, '101'),
       (2, 'VT2328', 3, 2, '102'),
       (3, 'VT2327', 1, 2, '103'),
       (4, 'VT2326', 5, 2, '104');
    
INSERT INTO DB_Assignment.SUPPLIER
VALUES ('NCC2329', 'vietphat', 'vietphat@gmail.com', '238 nguyen tri phuong'),
       ('NCC2328', 'hoaphat', 'hoaphat@gmail.com', '238 nguyen tat thanh'),
       ('NCC2327', 'vietnhat', 'vietnhat@gmail.com', '238 nguyen huu huan'),
       ('NCC2326', 'bachkhoa', 'bachkhoa@gmail.com', '238 nguyen gia tri');

INSERT INTO DB_Assignment.PROVIDE_SUPPLY
VALUES ('VT2329', 1 ,'NCC2329'),
       ('VT2328', 2 ,'NCC2328'),
       ('VT2327', 3 ,'NCC2327'),
       ('VT2326', 4 ,'NCC2326');

INSERT INTO DB_Assignment.CUSTOMER
VALUES ('KH258329', 079202042382, 'nguyenvana', 0123829612, 'nguyenvana@gmail.com' ,'nguyenvana', '123456', 5, 3),
       ('KH258328', 079202042389, 'nguyenvanb', 0223829612, 'nguyenvanb@gmail.com' ,'nguyenvanb', '123456', 5, 2),
       ('KH258327', 079202042383, 'nguyenvanc', 0323829612, 'nguyenvanc@gmail.com' ,'nguyenvanc', '123456', 5, 1),
       ('KH258326', 079202042387, 'nguyenvand', 0423829612, 'nguyenvand@gmail.com' ,'nguyenvand', '123456', 5, 3);

INSERT INTO DB_Assignment.PACKET
VALUES ('1', 10, 2 ,600),
       ('2', 20, 3 ,1200),
       ('3', 30, 4 ,1800),
       ('4', 40, 5 ,2400);

INSERT INTO DB_Assignment.INVOICE_PACKET
VALUES ('KH258329', '1', '2022-02-08 13:23:44', '2022-02-09 13:23:44', 12, 600),
       ('KH258328', '2', '2022-02-08 13:23:44', '2022-02-09 13:23:44', 22, 1200),
       ('KH258327', '3', '2022-02-08 13:23:44', '2022-02-09 13:23:44', 32, 1800),
       ('KH258326', '4', '2022-02-08 13:23:44', '2022-02-09 13:23:44', 42, 2400);

-- 16. Đơn đặt phòng
INSERT INTO DB_Assignment.BOOKING_ROOM
VALUES (0, '2022-01-10 13:23:44', 2, '2022-01-12 13:23:44', '2022-01-14 11:23:44', 1, 100, 'KH258329', null),
       (0, '2022-01-12 13:23:44', 3, '2022-01-13 13:23:44', '2022-01-18 11:23:44', 1, 650, 'KH258326', null),
       (0, '2022-01-12 18:23:44', 3, '2022-01-14 13:23:44', '2022-01-18 12:23:44', 1, 450, 'KH258328', null),
       --
       (0, '2022-02-10 13:23:44', 2, '2022-02-12 13:23:44', '2022-02-14 11:23:44', 1, 0, 'KH258329', '1'),
       (0, '2022-02-12 13:23:44', 3, '2022-02-13 13:23:44', '2022-02-18 11:23:44', 1, 0, 'KH258326', '4'),
       (0, '2022-02-12 18:23:44', 3, '2022-02-14 13:23:44', '2022-02-18 12:23:44', 1, 0, 'KH258328', '2'),
       --
       (0, '2022-04-01 13:23:44', 4, '2022-04-05 13:23:44', '2022-04-08 13:23:44', 1, 0, 'KH258327', '3'),
       (0, '2022-04-10 13:23:44', 3, '2022-04-10 13:23:44', '2022-04-12 11:23:44', 1, 0, 'KH258328', '2'),
       (0, '2022-04-10 13:23:44', 2, '2022-04-17 13:23:44', '2022-04-25 10:23:44', 1, 0, 'KH258329', '1'),
       --
       (0, '2022-05-01 13:23:44', 4, '2022-05-02 13:23:44', '2022-05-08 13:23:44', 1, 0, 'KH258326', '4'),
       (0, '2022-05-15 13:23:44', 3, '2022-05-17 13:23:44', '2022-05-20 11:23:44', 1, 0, 'KH258328', '2'),
       (0, '2022-05-20 13:23:44', 2, '2022-05-21 13:23:44', '2022-05-23 10:23:44', 1, 150, 'KH258329', null),
       --
       (0, '2022-07-11 13:23:44', 2, '2022-07-12 13:23:44', '2022-07-15 10:23:44', 1, 220, 'KH258328', null),
       --
       (0, '2022-08-02 13:23:44', 4, '2022-08-04 13:23:44', '2022-08-08 13:23:44', 1, 0, 'KH258326', '4'),
       (0, '2022-08-02 13:23:44', 3, '2022-08-04 13:23:44', '2022-08-15 11:23:44', 1, 0, 'KH258328', '2'),
       (0, '2022-08-13 13:23:44', 2, '2022-08-14 13:23:44', '2022-08-24 10:23:44', 1, 0, 'KH258327', '3'),
       (0, '2022-08-15 13:23:44', 2, '2022-08-18 13:23:44', '2022-08-21 10:23:44', 1, 220, 'KH258329', null),
       --
       (0, '2022-09-01 13:23:44', 3, '2022-09-04 13:23:44', '2022-09-08 13:23:44', 1, 350, 'KH258329', null),
       (0, '2022-09-10 13:23:44', 3, '2022-09-12 13:23:44', '2022-09-16 11:23:44', 1, 0, 'KH258327', '3'),
       (0, '2022-09-20 13:23:44', 5, '2022-09-21 13:23:44', '2022-09-30 10:23:44', 1, 0, 'KH258326', '4'),
       --
       (0, '2022-10-05 13:23:44', 3, '2022-10-06 13:23:44', '2022-10-16 13:23:44', 1, 0, 'KH258327', '3'),
       (0, '2022-10-08 13:23:44', 4, '2022-10-11 13:23:44', '2022-10-15 11:23:44', 1, 0, 'KH258326', '4'),
       --
       (0, '2022-11-04 13:23:44', 3, '2022-11-07 13:23:44', '2022-11-10 13:23:44', 1, 300, 'KH258328', null),
       --
       (0, '2022-12-05 13:23:44', 5, '2022-12-10 13:23:44', '2022-12-15 13:12:44', 1, 800, 'KH258329', null),
       (0, '2022-12-10 13:23:44', 4, '2022-12-14 13:23:44', '2022-12-17 13:12:44', 1, 0, 'KH258327', '3');

INSERT INTO DB_Assignment.RENTING_ROOM
VALUES (0, 2, '102'),
       (1, 3, '103'),
       (2, 4, '104'),
       (3, 2, '102'),
       (4, 3, '103'),
       (5, 1,'101'),
       (6, 4, '104'),
       (7, 3, '103'),
       (8, 2, '102'),
       (9, 4, '104'),
       (10, 3, '103'),
       (11, 2, '102'),
       (12, 1,'101'),
       (13, 4, '104'),
       (14, 1,'101'),
       (15, 2, '102'),
       (16, 2, '102'),
       (17, 1,'101'),
       (18, 3, '103'),
       (19, 1,'101'),
       (20, 3, '103'),
       (21, 4, '104'),
       (22, 3, '103'),
       (23, 1,'101'),
       (24, 4, '104');

-- 18 Hóa đơn
INSERT INTO DB_Assignment.INVOICE
VALUES (0, '2022-01-10 13:23:44', '13:23:44', '11:23:44', 0),
       (0, '2022-01-12 13:23:44', '13:23:44', '11:23:44', 1),
       (0, '2022-01-12 18:23:44', '13:23:44', '12:23:44', 2),
       (0, '2022-02-10 13:23:44', '13:23:44', '11:23:44', 3),
       (0, '2022-02-12 13:23:44', '13:23:44', '11:23:44', 4),
       (0, '2022-02-12 18:23:44', '13:23:44', '12:23:44', 5),
       (0, '2022-04-01 13:23:44', '13:23:44', '13:23:44', 6),
       (0, '2022-04-10 13:23:44', '13:23:44', '11:23:44', 7),
       (0, '2022-04-10 13:23:44', '13:23:44', '10:23:44', 8),
       (0, '2022-05-01 13:23:44', '13:23:44', '13:23:44', 9),
       (0, '2022-05-15 13:23:44', '13:23:44', '11:23:44', 10),
       (0, '2022-05-20 13:23:44', '13:23:44', '10:23:44', 11),
       (0, '2022-07-11 13:23:44', '13:23:44', '10:23:44', 12),
       (0, '2022-08-02 13:23:44', '13:23:44', '13:23:44', 13),
       (0, '2022-08-02 13:23:44', '13:23:44', '11:23:44', 14),
       (0, '2022-08-13 13:23:44', '13:23:44', '10:23:44', 15),
       (0, '2022-08-15 13:23:44', '13:23:44', '10:23:44', 16),
       (0, '2022-09-01 13:23:44', '13:23:44', '13:23:44', 17),
       (0, '2022-09-10 13:23:44', '13:23:44', '11:23:44', 18),
       (0, '2022-09-20 13:23:44', '13:23:44', '10:23:44', 19),
       (0, '2022-10-05 13:23:44', '13:23:44', '13:23:44', 20),
       (0, '2022-10-08 13:23:44', '13:23:44', '11:23:44', 21),
       (0, '2022-11-04 13:23:44', '13:23:44', '13:23:44', 22),
       (0, '2022-12-05 13:23:44', '13:23:44', '13:12:44', 23),
       (0, '2022-12-10 13:23:44', '13:23:44', '13:12:44', 24);

INSERT INTO DB_Assignment.BUSINESS
VALUES ('DN2329', 'vietphat'),
       ('DN2328', 'hoaphat'),
       ('DN2327', 'vietnhat'),
       ('DN2326', 'bachkhoa');

INSERT INTO DB_Assignment.SERVICE
VALUES ('DVR329', '1', 3, 'nha hang', 'DN2329'),
       ('DVS328', '1', 4, 'spa', 'DN2328'),
       ('DVC327', '1', 5, 'cua hang', 'DN2327'),
       ('DVM326', '1', 6, 'do luu niem', 'DN2326');

INSERT INTO DB_Assignment.SPA_SERVICE
VALUES ('DVS328', 'DN2329'),
       ('DVS328', 'DN2328'),
       ('DVS328', 'DN2327'),
       ('DVS328', 'DN2326');

INSERT INTO DB_Assignment.SOUVERNIR_SERVICE
VALUES ('DVM326', 'DN2329'),
       ('DVM326', 'DN2328'),
       ('DVM326', 'DN2327'),
       ('DVM326', 'DN2326');

INSERT INTO DB_Assignment.SOUVENIR_BRAND
VALUES ('DVM326', 'abc23d9'),
       ('DVM326', 'abc2368'),
       ('DVM326', 'abc23gh7'),
       ('DVM326', 'abc2326');

INSERT INTO DB_Assignment.PREMISE
VALUES (1, 12, 2.3, 5.6, 400, 'DNasdklfgdsa29', 'DVR329', 'hihi1', '...'),
       (2, 4, 2.3, 5.6, 400, 'DNasdklfgdsa28', 'DVS328', 'hihi2', '...'),
       (3, 50, 2.3, 5.6, 400, 'DNasdklfgdsa27', 'DVC327', 'hihi3', '...'),
       (4, 26, 2.3, 5.6, 400, 'DNasdklfgdsa26', 'DVM326', 'hihi4', '...');

INSERT INTO DB_Assignment.SHOP_PHOTO
VALUES (1, 12, 'https://media-cdn.tripadvisor.com/media/photo-s/06/eb/6d/ca/vinpearl-resort-phu-quoc.jpg'),
       (2, 4, 'https://product.hstatic.net/1000067077/product/gs_17ce84db4a9347159b83d43e4c1f4b16_master_95eb54f1c5e64f1fb393d40674b0f1dc_master.jpg'),
       (3, 50, 'https://aeros.vn/upload/images/thiet-ke-cua-hang-qua-luu-niem-3.webp'),
       (4, 26, 'https://acihome.vn/wp-content/uploads/2020/08/nha-hang-phuc-vu-theo-ban-Ressort.jpg');
    
INSERT INTO DB_Assignment.SHOP_WORKING_TIME
VALUES (1, 12, '08:30:00', '21:30:00'),
       (2, 4, '08:30:00', '21:30:00'),
       (3, 50, '08:30:00', '21:30:00'),
       (4, 26, '08:30:00', '21:30:00');
